{"cameraMode":{"drawMode":0,"name":"Shaded","section":"Shading Mode"},"sceneLighting":true,"audioPlay":false,"sceneViewState":{"showFog":true,"showMaterialUpdate":false,"showSkybox":true,"showFlares":true,"showImageEffects":true,"showParticleSystems":true},"in2DMode":false,"pivot":{"x":-2.438450813293457,"y":-14.675436019897461,"z":14.904901504516602},"rotation":{"x":-0.3639867305755615,"y":0.2222527116537094,"z":-0.08988344669342041,"w":-0.900024950504303},"size":54.379337310791019,"orthographic":false}