{"cameraMode":{"drawMode":0,"name":"Shaded","section":"Shading Mode"},"sceneLighting":true,"audioPlay":false,"sceneViewState":{"showFog":true,"showMaterialUpdate":false,"showSkybox":true,"showFlares":true,"showImageEffects":true,"showParticleSystems":true},"in2DMode":false,"pivot":{"x":0.16124773025512696,"y":1.7221958637237549,"z":5.960464477539063e-8},"rotation":{"x":-0.0009001169819384813,"y":0.8000011444091797,"z":-0.0011999192647635937,"w":-0.599999725818634},"size":6.8885955810546879,"orthographic":true}